family,test,m_family,p_raw,p_holm,q_bh,nominal_0.05,survives_holm_0.05,survives_bh_0.05,verdict
uniform (pre-correction): label-efficiency and ablation,headline low-label gain | combined vs scratch @1% labels,7,0.000924,0.00462,0.002156,True,True,True,survives Holm
uniform (pre-correction): label-efficiency and ablation,low-label gain (combined) | combined vs scratch @1%,7,4.22e-05,0.0002954,0.00014805,True,True,True,survives Holm
uniform (pre-correction): label-efficiency and ablation,low-label gain (MAM-only) | MAM-only vs scratch @1%,7,0.0172,0.0688,0.0301,True,False,True,survives BH only
uniform (pre-correction): label-efficiency and ablation,low-label gain (VICReg-only) | VICReg-only vs scratch @1%,7,4.23e-05,0.0002954,0.00014805,True,True,True,survives Holm
uniform (pre-correction): label-efficiency and ablation,convergence at full supervision | combined vs scratch @100%,7,0.0246,0.0738,0.03444,True,False,True,survives BH only
uniform (pre-correction): label-efficiency and ablation,ablation @100% | combined vs MAM-only @100%,7,0.2088,0.4176,0.2436,False,False,False,not significant
uniform (pre-correction): label-efficiency and ablation,ablation @1% | MAM-only vs combined @1%,7,0.4771,0.4771,0.4771,False,False,False,not significant
uniform (pre-correction): cross-ancestry sweep,"cross-ancestry @0.01 | combined vs scratch, held-out CEU F1",6,0.1102,0.4408,0.2204,False,False,False,not significant
uniform (pre-correction): cross-ancestry sweep,"cross-ancestry @0.05 | combined vs scratch, held-out CEU F1",6,0.537,1,0.5839,False,False,False,not significant
uniform (pre-correction): cross-ancestry sweep,"cross-ancestry @0.1 | combined vs scratch, held-out CEU F1",6,0.0282,0.1692,0.1692,True,False,False,LOST to multiplicity
uniform (pre-correction): cross-ancestry sweep,"cross-ancestry @0.25 | combined vs scratch, held-out CEU F1",6,0.5839,1,0.5839,False,False,False,not significant
uniform (pre-correction): cross-ancestry sweep,"cross-ancestry @0.5 | combined vs scratch, held-out CEU F1",6,0.0836,0.418,0.2204,False,False,False,not significant
uniform (pre-correction): cross-ancestry sweep,"cross-ancestry @1 | combined vs scratch, held-out CEU F1",6,0.1818,0.5454,0.2727,False,False,False,not significant
"uniform (corrected): pretrained vs scratch, F1@0.5",pretrained vs scratch @0.01 (F1@0.5),6,0.0002,0.0012,0.0012,True,True,True,survives Holm
"uniform (corrected): pretrained vs scratch, F1@0.5",pretrained vs scratch @0.05 (F1@0.5),6,0.1361,0.6805,0.3862,False,False,False,not significant
"uniform (corrected): pretrained vs scratch, F1@0.5",pretrained vs scratch @0.1 (F1@0.5),6,0.1931,0.7724,0.3862,False,False,False,not significant
"uniform (corrected): pretrained vs scratch, F1@0.5",pretrained vs scratch @0.25 (F1@0.5),6,0.4017,1,0.48204,False,False,False,not significant
"uniform (corrected): pretrained vs scratch, F1@0.5",pretrained vs scratch @0.5 (F1@0.5),6,0.3875,1,0.48204,False,False,False,not significant
"uniform (corrected): pretrained vs scratch, F1@0.5",pretrained vs scratch @1.0 (F1@0.5),6,0.6432,1,0.6432,False,False,False,not significant
"uniform (corrected): pretrained vs scratch, F1@tau",pretrained vs scratch @0.01 (F1@tau),6,0.5273,1,0.63276,False,False,False,not significant
"uniform (corrected): pretrained vs scratch, F1@tau",pretrained vs scratch @0.05 (F1@tau),6,0.0184,0.092,0.0552,True,False,False,LOST to multiplicity
"uniform (corrected): pretrained vs scratch, F1@tau",pretrained vs scratch @0.1 (F1@tau),6,0.0125,0.075,0.0552,True,False,False,LOST to multiplicity
"uniform (corrected): pretrained vs scratch, F1@tau",pretrained vs scratch @0.25 (F1@tau),6,0.2919,0.8757,0.43785,False,False,False,not significant
"uniform (corrected): pretrained vs scratch, F1@tau",pretrained vs scratch @0.5 (F1@tau),6,0.1281,0.5124,0.2562,False,False,False,not significant
"uniform (corrected): pretrained vs scratch, F1@tau",pretrained vs scratch @1.0 (F1@tau),6,0.7342,1,0.7342,False,False,False,not significant
"uniform (corrected): pretrained vs scratch, AUPRC",pretrained vs scratch @0.01 (AUPRC),6,0.8526,1,0.8526,False,False,False,not significant
"uniform (corrected): pretrained vs scratch, AUPRC",pretrained vs scratch @0.05 (AUPRC),6,0.0524,0.3144,0.1653,False,False,False,not significant
"uniform (corrected): pretrained vs scratch, AUPRC",pretrained vs scratch @0.1 (AUPRC),6,0.0551,0.3144,0.1653,False,False,False,not significant
"uniform (corrected): pretrained vs scratch, AUPRC",pretrained vs scratch @0.25 (AUPRC),6,0.2463,0.7389,0.36945,False,False,False,not significant
"uniform (corrected): pretrained vs scratch, AUPRC",pretrained vs scratch @0.5 (AUPRC),6,0.1503,0.6012,0.3006,False,False,False,not significant
"uniform (corrected): pretrained vs scratch, AUPRC",pretrained vs scratch @1.0 (AUPRC),6,0.7538,1,0.8526,False,False,False,not significant
"cross-ancestry (corrected re-run): in_dist, auprc","pretrained vs scratch @0.01 (in_dist, auprc)",6,0.353437,1,0.447486,False,False,False,not significant
"cross-ancestry (corrected re-run): in_dist, auprc","pretrained vs scratch @0.05 (in_dist, auprc)",6,0.128029,0.512116,0.256058,False,False,False,not significant
"cross-ancestry (corrected re-run): in_dist, auprc","pretrained vs scratch @0.1 (in_dist, auprc)",6,0.030675,0.153375,0.092025,True,False,False,LOST to multiplicity
"cross-ancestry (corrected re-run): in_dist, auprc","pretrained vs scratch @0.25 (in_dist, auprc)",6,0.009406,0.056436,0.056436,True,False,False,LOST to multiplicity
"cross-ancestry (corrected re-run): in_dist, auprc","pretrained vs scratch @0.5 (in_dist, auprc)",6,0.788185,1,0.788185,False,False,False,not significant
"cross-ancestry (corrected re-run): in_dist, auprc","pretrained vs scratch @1.0 (in_dist, auprc)",6,0.372905,1,0.447486,False,False,False,not significant
"cross-ancestry (corrected re-run): in_dist, f1_at_half","pretrained vs scratch @0.01 (in_dist, f1_at_half)",6,0.015509,0.093054,0.093054,True,False,False,LOST to multiplicity
"cross-ancestry (corrected re-run): in_dist, f1_at_half","pretrained vs scratch @0.05 (in_dist, f1_at_half)",6,0.30847,1,0.581956,False,False,False,not significant
"cross-ancestry (corrected re-run): in_dist, f1_at_half","pretrained vs scratch @0.1 (in_dist, f1_at_half)",6,0.148474,0.74237,0.445422,False,False,False,not significant
"cross-ancestry (corrected re-run): in_dist, f1_at_half","pretrained vs scratch @0.25 (in_dist, f1_at_half)",6,0.903396,1,0.903396,False,False,False,not significant
"cross-ancestry (corrected re-run): in_dist, f1_at_half","pretrained vs scratch @0.5 (in_dist, f1_at_half)",6,0.786057,1,0.903396,False,False,False,not significant
"cross-ancestry (corrected re-run): in_dist, f1_at_half","pretrained vs scratch @1.0 (in_dist, f1_at_half)",6,0.387971,1,0.581956,False,False,False,not significant
"cross-ancestry (corrected re-run): in_dist, f1_at_tau","pretrained vs scratch @0.01 (in_dist, f1_at_tau)",6,0.52886,1,0.634632,False,False,False,not significant
"cross-ancestry (corrected re-run): in_dist, f1_at_tau","pretrained vs scratch @0.05 (in_dist, f1_at_tau)",6,0.272663,1,0.502098,False,False,False,not significant
"cross-ancestry (corrected re-run): in_dist, f1_at_tau","pretrained vs scratch @0.1 (in_dist, f1_at_tau)",6,0.05991,0.29955,0.17973,False,False,False,not significant
"cross-ancestry (corrected re-run): in_dist, f1_at_tau","pretrained vs scratch @0.25 (in_dist, f1_at_tau)",6,0.018168,0.109008,0.109008,True,False,False,LOST to multiplicity
"cross-ancestry (corrected re-run): in_dist, f1_at_tau","pretrained vs scratch @0.5 (in_dist, f1_at_tau)",6,0.790741,1,0.790741,False,False,False,not significant
"cross-ancestry (corrected re-run): in_dist, f1_at_tau","pretrained vs scratch @1.0 (in_dist, f1_at_tau)",6,0.334732,1,0.502098,False,False,False,not significant
"cross-ancestry (corrected re-run): xpop, auprc","pretrained vs scratch @0.01 (xpop, auprc)",6,0.077232,0.463392,0.38629,False,False,False,not significant
"cross-ancestry (corrected re-run): xpop, auprc","pretrained vs scratch @0.05 (xpop, auprc)",6,0.6603,1,0.748089,False,False,False,not significant
"cross-ancestry (corrected re-run): xpop, auprc","pretrained vs scratch @0.1 (xpop, auprc)",6,0.193145,0.77258,0.38629,False,False,False,not significant
"cross-ancestry (corrected re-run): xpop, auprc","pretrained vs scratch @0.25 (xpop, auprc)",6,0.147007,0.735035,0.38629,False,False,False,not significant
"cross-ancestry (corrected re-run): xpop, auprc","pretrained vs scratch @0.5 (xpop, auprc)",6,0.748089,1,0.748089,False,False,False,not significant
"cross-ancestry (corrected re-run): xpop, auprc","pretrained vs scratch @1.0 (xpop, auprc)",6,0.29973,0.89919,0.449595,False,False,False,not significant
"cross-ancestry (corrected re-run): xpop, f1_at_half","pretrained vs scratch @0.01 (xpop, f1_at_half)",6,0.010627,0.063762,0.063762,True,False,False,LOST to multiplicity
"cross-ancestry (corrected re-run): xpop, f1_at_half","pretrained vs scratch @0.05 (xpop, f1_at_half)",6,0.347993,1,0.962681,False,False,False,not significant
"cross-ancestry (corrected re-run): xpop, f1_at_half","pretrained vs scratch @0.1 (xpop, f1_at_half)",6,0.500187,1,0.962681,False,False,False,not significant
"cross-ancestry (corrected re-run): xpop, f1_at_half","pretrained vs scratch @0.25 (xpop, f1_at_half)",6,0.962681,1,0.962681,False,False,False,not significant
"cross-ancestry (corrected re-run): xpop, f1_at_half","pretrained vs scratch @0.5 (xpop, f1_at_half)",6,0.832443,1,0.962681,False,False,False,not significant
"cross-ancestry (corrected re-run): xpop, f1_at_half","pretrained vs scratch @1.0 (xpop, f1_at_half)",6,0.682517,1,0.962681,False,False,False,not significant
"cross-ancestry (corrected re-run): xpop, f1_at_tau","pretrained vs scratch @0.01 (xpop, f1_at_tau)",6,0.138724,0.69362,0.416172,False,False,False,not significant
"cross-ancestry (corrected re-run): xpop, f1_at_tau","pretrained vs scratch @0.05 (xpop, f1_at_tau)",6,0.102629,0.615774,0.416172,False,False,False,not significant
"cross-ancestry (corrected re-run): xpop, f1_at_tau","pretrained vs scratch @0.1 (xpop, f1_at_tau)",6,0.78574,1,0.78574,False,False,False,not significant
"cross-ancestry (corrected re-run): xpop, f1_at_tau","pretrained vs scratch @0.25 (xpop, f1_at_tau)",6,0.444184,1,0.666276,False,False,False,not significant
"cross-ancestry (corrected re-run): xpop, f1_at_tau","pretrained vs scratch @0.5 (xpop, f1_at_tau)",6,0.780845,1,0.78574,False,False,False,not significant
"cross-ancestry (corrected re-run): xpop, f1_at_tau","pretrained vs scratch @1.0 (xpop, f1_at_tau)",6,0.397566,1,0.666276,False,False,False,not significant
"candidate-filtered (corrected): AlignSSL-pretrained vs AlignSSL-scratch, auprc",AlignSSL-pretrained vs AlignSSL-scratch @0.01 (auprc),6,0.4167,1,0.58776,False,False,False,not significant
"candidate-filtered (corrected): AlignSSL-pretrained vs AlignSSL-scratch, auprc",AlignSSL-pretrained vs AlignSSL-scratch @0.05 (auprc),6,0.7891,1,0.7891,False,False,False,not significant
"candidate-filtered (corrected): AlignSSL-pretrained vs AlignSSL-scratch, auprc",AlignSSL-pretrained vs AlignSSL-scratch @0.1 (auprc),6,0.4898,1,0.58776,False,False,False,not significant
"candidate-filtered (corrected): AlignSSL-pretrained vs AlignSSL-scratch, auprc",AlignSSL-pretrained vs AlignSSL-scratch @0.25 (auprc),6,0.0026,0.0156,0.0156,True,True,True,survives Holm
"candidate-filtered (corrected): AlignSSL-pretrained vs AlignSSL-scratch, auprc",AlignSSL-pretrained vs AlignSSL-scratch @0.5 (auprc),6,0.0735,0.3675,0.2205,False,False,False,not significant
"candidate-filtered (corrected): AlignSSL-pretrained vs AlignSSL-scratch, auprc",AlignSSL-pretrained vs AlignSSL-scratch @1.0 (auprc),6,0.4314,1,0.58776,False,False,False,not significant
"candidate-filtered (corrected): AlignSSL-pretrained vs AlignSSL-scratch, f1_at_tau",AlignSSL-pretrained vs AlignSSL-scratch @0.01 (f1_at_tau),6,0.0374,0.2244,0.2244,True,False,False,LOST to multiplicity
"candidate-filtered (corrected): AlignSSL-pretrained vs AlignSSL-scratch, f1_at_tau",AlignSSL-pretrained vs AlignSSL-scratch @0.05 (f1_at_tau),6,0.6886,1,0.7418,False,False,False,not significant
"candidate-filtered (corrected): AlignSSL-pretrained vs AlignSSL-scratch, f1_at_tau",AlignSSL-pretrained vs AlignSSL-scratch @0.1 (f1_at_tau),6,0.7418,1,0.7418,False,False,False,not significant
"candidate-filtered (corrected): AlignSSL-pretrained vs AlignSSL-scratch, f1_at_tau",AlignSSL-pretrained vs AlignSSL-scratch @0.25 (f1_at_tau),6,0.0765,0.3825,0.2295,False,False,False,not significant
"candidate-filtered (corrected): AlignSSL-pretrained vs AlignSSL-scratch, f1_at_tau",AlignSSL-pretrained vs AlignSSL-scratch @0.5 (f1_at_tau),6,0.1721,0.6884,0.3442,False,False,False,not significant
"candidate-filtered (corrected): AlignSSL-pretrained vs AlignSSL-scratch, f1_at_tau",AlignSSL-pretrained vs AlignSSL-scratch @1.0 (f1_at_tau),6,0.3684,1,0.5526,False,False,False,not significant
"candidate-filtered (corrected): AlignSSL-pretrained vs DeepSV-representation, auprc",AlignSSL-pretrained vs DeepSV-representation @0.01 (auprc),6,0.5423,0.8386,0.5423,False,False,False,not significant
"candidate-filtered (corrected): AlignSSL-pretrained vs DeepSV-representation, auprc",AlignSSL-pretrained vs DeepSV-representation @0.05 (auprc),6,0.1553,0.4659,0.23295,False,False,False,not significant
"candidate-filtered (corrected): AlignSSL-pretrained vs DeepSV-representation, auprc",AlignSSL-pretrained vs DeepSV-representation @0.1 (auprc),6,0.4193,0.8386,0.50316,False,False,False,not significant
"candidate-filtered (corrected): AlignSSL-pretrained vs DeepSV-representation, auprc",AlignSSL-pretrained vs DeepSV-representation @0.25 (auprc),6,0.0002,0.001,0.0004,True,True,True,survives Holm
"candidate-filtered (corrected): AlignSSL-pretrained vs DeepSV-representation, auprc",AlignSSL-pretrained vs DeepSV-representation @0.5 (auprc),6,0.0002,0.001,0.0004,True,True,True,survives Holm
"candidate-filtered (corrected): AlignSSL-pretrained vs DeepSV-representation, auprc",AlignSSL-pretrained vs DeepSV-representation @1.0 (auprc),6,5e-05,0.0003,0.0003,True,True,True,survives Holm
"candidate-filtered (corrected): AlignSSL-pretrained vs DeepSV-representation, f1_at_tau",AlignSSL-pretrained vs DeepSV-representation @0.01 (f1_at_tau),6,0.6474,1,0.7443,False,False,False,not significant
"candidate-filtered (corrected): AlignSSL-pretrained vs DeepSV-representation, f1_at_tau",AlignSSL-pretrained vs DeepSV-representation @0.05 (f1_at_tau),6,0.7443,1,0.7443,False,False,False,not significant
"candidate-filtered (corrected): AlignSSL-pretrained vs DeepSV-representation, f1_at_tau",AlignSSL-pretrained vs DeepSV-representation @0.1 (f1_at_tau),6,0.5088,1,0.7443,False,False,False,not significant
"candidate-filtered (corrected): AlignSSL-pretrained vs DeepSV-representation, f1_at_tau",AlignSSL-pretrained vs DeepSV-representation @0.25 (f1_at_tau),6,0.0034,0.0136,0.0068,True,True,True,survives Holm
"candidate-filtered (corrected): AlignSSL-pretrained vs DeepSV-representation, f1_at_tau",AlignSSL-pretrained vs DeepSV-representation @0.5 (f1_at_tau),6,0.0015,0.0075,0.0045,True,True,True,survives Holm
"candidate-filtered (corrected): AlignSSL-pretrained vs DeepSV-representation, f1_at_tau",AlignSSL-pretrained vs DeepSV-representation @1.0 (f1_at_tau),6,5e-05,0.0003,0.0003,True,True,True,survives Holm
"candidate-filtered (corrected): AlignSSL-scratch vs DeepSV-representation, auprc",AlignSSL-scratch vs DeepSV-representation @0.01 (auprc),6,0.0333,0.0924,0.03996,True,False,True,survives BH only
"candidate-filtered (corrected): AlignSSL-scratch vs DeepSV-representation, auprc",AlignSSL-scratch vs DeepSV-representation @0.05 (auprc),6,0.0308,0.0924,0.03996,True,False,True,survives BH only
"candidate-filtered (corrected): AlignSSL-scratch vs DeepSV-representation, auprc",AlignSSL-scratch vs DeepSV-representation @0.1 (auprc),6,0.2679,0.2679,0.2679,False,False,False,not significant
"candidate-filtered (corrected): AlignSSL-scratch vs DeepSV-representation, auprc",AlignSSL-scratch vs DeepSV-representation @0.25 (auprc),6,5e-05,0.0003,0.0001,True,True,True,survives Holm
"candidate-filtered (corrected): AlignSSL-scratch vs DeepSV-representation, auprc",AlignSSL-scratch vs DeepSV-representation @0.5 (auprc),6,5e-05,0.0003,0.0001,True,True,True,survives Holm
"candidate-filtered (corrected): AlignSSL-scratch vs DeepSV-representation, auprc",AlignSSL-scratch vs DeepSV-representation @1.0 (auprc),6,5e-05,0.0003,0.0001,True,True,True,survives Holm
"candidate-filtered (corrected): AlignSSL-scratch vs DeepSV-representation, f1_at_tau",AlignSSL-scratch vs DeepSV-representation @0.01 (f1_at_tau),6,0.0751,0.2253,0.11265,False,False,False,not significant
"candidate-filtered (corrected): AlignSSL-scratch vs DeepSV-representation, f1_at_tau",AlignSSL-scratch vs DeepSV-representation @0.05 (f1_at_tau),6,0.8667,0.8667,0.8667,False,False,False,not significant
"candidate-filtered (corrected): AlignSSL-scratch vs DeepSV-representation, f1_at_tau",AlignSSL-scratch vs DeepSV-representation @0.1 (f1_at_tau),6,0.1667,0.3334,0.20004,False,False,False,not significant
"candidate-filtered (corrected): AlignSSL-scratch vs DeepSV-representation, f1_at_tau",AlignSSL-scratch vs DeepSV-representation @0.25 (f1_at_tau),6,5e-05,0.0003,0.0001,True,True,True,survives Holm
"candidate-filtered (corrected): AlignSSL-scratch vs DeepSV-representation, f1_at_tau",AlignSSL-scratch vs DeepSV-representation @0.5 (f1_at_tau),6,5e-05,0.0003,0.0001,True,True,True,survives Holm
"candidate-filtered (corrected): AlignSSL-scratch vs DeepSV-representation, f1_at_tau",AlignSSL-scratch vs DeepSV-representation @1.0 (f1_at_tau),6,5e-05,0.0003,0.0001,True,True,True,survives Holm
